image_path,patient_id,labels,frame_idx
./data/densepose-out/07337701-processed/000000_IUV.png,07337701,53.46,0
./data/densepose-out/07337701-processed/000001_IUV.png,07337701,53.46,1
./data/densepose-out/07337701-processed/000002_IUV.png,07337701,53.46,2
./data/densepose-out/07337701-processed/000003_IUV.png,07337701,53.46,3
./data/densepose-out/07337701-processed/000004_IUV.png,07337701,53.46,4
./data/densepose-out/07337701-processed/000005_IUV.png,07337701,53.46,5
./data/densepose-out/07337701-processed/000006_IUV.png,07337701,53.46,6
./data/densepose-out/07337701-processed/000007_IUV.png,07337701,53.46,7
./data/densepose-out/07337701-processed/000008_IUV.png,07337701,53.46,8
./data/densepose-out/07337701-processed/000009_IUV.png,07337701,53.46,9
./data/densepose-out/07337701-processed/000010_IUV.png,07337701,53.46,10
./data/densepose-out/07337701-processed/000011_IUV.png,07337701,53.46,11
./data/densepose-out/07337701-processed/000012_IUV.png,07337701,53.46,12
./data/densepose-out/07337701-processed/000013_IUV.png,07337701,53.46,13
./data/densepose-out/07337701-processed/000014_IUV.png,07337701,53.46,14
./data/densepose-out/07337701-processed/000015_IUV.png,07337701,53.46,15
./data/densepose-out/07337701-processed/000016_IUV.png,07337701,53.46,16
./data/densepose-out/07337701-processed/000017_IUV.png,07337701,53.46,17
./data/densepose-out/07337701-processed/000018_IUV.png,07337701,53.46,18
./data/densepose-out/07337701-processed/000019_IUV.png,07337701,53.46,19
./data/densepose-out/07337701-processed/000020_IUV.png,07337701,53.46,20
./data/densepose-out/07337701-processed/000021_IUV.png,07337701,53.46,21
./data/densepose-out/07337701-processed/000022_IUV.png,07337701,53.46,22
./data/densepose-out/07337701-processed/000023_IUV.png,07337701,53.46,23
./data/densepose-out/07337701-processed/000024_IUV.png,07337701,53.46,24
./data/densepose-out/07337701-processed/000025_IUV.png,07337701,53.46,25
./data/densepose-out/07337701-processed/000026_IUV.png,07337701,53.46,26
./data/densepose-out/07337701-processed/000027_IUV.png,07337701,53.46,27
./data/densepose-out/07337701-processed/000028_IUV.png,07337701,53.46,28
./data/densepose-out/07337701-processed/000029_IUV.png,07337701,53.46,29
./data/densepose-out/07337701-processed/000030_IUV.png,07337701,53.46,30
./data/densepose-out/07337701-processed/000031_IUV.png,07337701,53.46,31
./data/densepose-out/07337701-processed/000032_IUV.png,07337701,53.46,32
./data/densepose-out/07337701-processed/000033_IUV.png,07337701,53.46,33
./data/densepose-out/07337701-processed/000034_IUV.png,07337701,53.46,34
./data/densepose-out/07337701-processed/000035_IUV.png,07337701,53.46,35
./data/densepose-out/07337701-processed/000036_IUV.png,07337701,53.46,36
./data/densepose-out/07337701-processed/000037_IUV.png,07337701,53.46,37
./data/densepose-out/07337701-processed/000038_IUV.png,07337701,53.46,38
./data/densepose-out/07337701-processed/000039_IUV.png,07337701,53.46,39
./data/densepose-out/07337701-processed/000040_IUV.png,07337701,53.46,40
./data/densepose-out/07337701-processed/000041_IUV.png,07337701,53.46,41
./data/densepose-out/07337701-processed/000042_IUV.png,07337701,53.46,42
./data/densepose-out/07337701-processed/000043_IUV.png,07337701,53.46,43
./data/densepose-out/07337701-processed/000044_IUV.png,07337701,53.46,44
./data/densepose-out/07337701-processed/000045_IUV.png,07337701,53.46,45
./data/densepose-out/07337701-processed/000046_IUV.png,07337701,53.46,46
./data/densepose-out/07337701-processed/000047_IUV.png,07337701,53.46,47
./data/densepose-out/07337701-processed/000048_IUV.png,07337701,53.46,48
./data/densepose-out/07337701-processed/000049_IUV.png,07337701,53.46,49
./data/densepose-out/09917501-processed/000000_IUV.png,09917501,87.69,0
./data/densepose-out/09917501-processed/000001_IUV.png,09917501,87.69,1
./data/densepose-out/09917501-processed/000002_IUV.png,09917501,87.69,2
./data/densepose-out/09917501-processed/000003_IUV.png,09917501,87.69,3
./data/densepose-out/09917501-processed/000004_IUV.png,09917501,87.69,4
./data/densepose-out/09917501-processed/000005_IUV.png,09917501,87.69,5
./data/densepose-out/09917501-processed/000006_IUV.png,09917501,87.69,6
./data/densepose-out/09917501-processed/000007_IUV.png,09917501,87.69,7
./data/densepose-out/09917501-processed/000008_IUV.png,09917501,87.69,8
./data/densepose-out/09917501-processed/000009_IUV.png,09917501,87.69,9
./data/densepose-out/09917501-processed/000010_IUV.png,09917501,87.69,10
./data/densepose-out/09917501-processed/000011_IUV.png,09917501,87.69,11
./data/densepose-out/09917501-processed/000012_IUV.png,09917501,87.69,12
./data/densepose-out/09917501-processed/000013_IUV.png,09917501,87.69,13
./data/densepose-out/09917501-processed/000014_IUV.png,09917501,87.69,14
./data/densepose-out/09917501-processed/000015_IUV.png,09917501,87.69,15
./data/densepose-out/09917501-processed/000016_IUV.png,09917501,87.69,16
./data/densepose-out/09917501-processed/000017_IUV.png,09917501,87.69,17
./data/densepose-out/09917501-processed/000018_IUV.png,09917501,87.69,18
./data/densepose-out/09917501-processed/000019_IUV.png,09917501,87.69,19
./data/densepose-out/09917501-processed/000020_IUV.png,09917501,87.69,20
./data/densepose-out/09917501-processed/000021_IUV.png,09917501,87.69,21
./data/densepose-out/09917501-processed/000022_IUV.png,09917501,87.69,22
./data/densepose-out/09917501-processed/000023_IUV.png,09917501,87.69,23
./data/densepose-out/09917501-processed/000024_IUV.png,09917501,87.69,24
./data/densepose-out/09917501-processed/000025_IUV.png,09917501,87.69,25
./data/densepose-out/09917501-processed/000026_IUV.png,09917501,87.69,26
./data/densepose-out/09917501-processed/000027_IUV.png,09917501,87.69,27
./data/densepose-out/09917501-processed/000028_IUV.png,09917501,87.69,28
./data/densepose-out/09917501-processed/000029_IUV.png,09917501,87.69,29
./data/densepose-out/09917501-processed/000030_IUV.png,09917501,87.69,30
./data/densepose-out/09917501-processed/000031_IUV.png,09917501,87.69,31
./data/densepose-out/09917501-processed/000032_IUV.png,09917501,87.69,32
./data/densepose-out/09917501-processed/000033_IUV.png,09917501,87.69,33
./data/densepose-out/09917501-processed/000034_IUV.png,09917501,87.69,34
./data/densepose-out/09917501-processed/000035_IUV.png,09917501,87.69,35
./data/densepose-out/09917501-processed/000036_IUV.png,09917501,87.69,36
./data/densepose-out/09917501-processed/000037_IUV.png,09917501,87.69,37
./data/densepose-out/09917501-processed/000038_IUV.png,09917501,87.69,38
./data/densepose-out/09917501-processed/000039_IUV.png,09917501,87.69,39
./data/densepose-out/09917501-processed/000040_IUV.png,09917501,87.69,40
./data/densepose-out/09917501-processed/000041_IUV.png,09917501,87.69,41
./data/densepose-out/09917501-processed/000042_IUV.png,09917501,87.69,42
./data/densepose-out/09917501-processed/000043_IUV.png,09917501,87.69,43
./data/densepose-out/09917501-processed/000044_IUV.png,09917501,87.69,44
./data/densepose-out/09917501-processed/000045_IUV.png,09917501,87.69,45
./data/densepose-out/09917501-processed/000046_IUV.png,09917501,87.69,46
./data/densepose-out/09917501-processed/000047_IUV.png,09917501,87.69,47
./data/densepose-out/09917501-processed/000048_IUV.png,09917501,87.69,48
./data/densepose-out/09917501-processed/000049_IUV.png,09917501,87.69,49
